T-test,F-stat,df,p-value
Site       ,8.064917397121995,2,3.6486527370208744e-4
Month      ,0.20949671639982373,2,0.8110758048650684
